battery_id,cycle,voltage_measured,current_measured,temperature_measured,current_charge,voltage_charge,time,capacity
B0005,1,3.5298,-1.8187,32.5723,0.0,0.0,3690.23,1.856487
B0005,2,3.5373,-1.8176,32.7252,0.0,0.0,3672.34,1.846327
B0005,3,3.5437,-1.8165,32.6429,0.0,0.0,3651.64,1.835349
B0005,4,3.5437,-1.8256,32.5149,0.0,0.0,3631.56,1.835263
B0005,5,3.5423,-1.8261,32.3823,0.0,0.0,3629.17,1.834646
B0005,6,3.5413,-1.8168,32.4342,0.0,0.0,3652.28,1.835662
B0005,7,3.541,-1.8168,32.4804,0.0,0.0,3650.83,1.835146
B0005,8,3.5541,-1.8443,32.4105,0.0,0.0,3572.45,1.825757
B0005,9,3.5529,-1.854,32.3461,0.0,0.0,3550.59,1.824774
B0005,10,3.5512,-1.8536,32.2768,0.0,0.0,3551.25,1.824613
B0005,11,3.5493,-1.8634,32.1571,0.0,0.0,3530.25,1.82462
B0005,12,3.5598,-1.873,32.3641,0.0,0.0,3491.02,1.814202
B0005,13,3.5581,-1.8826,32.3182,0.0,0.0,3470.28,1.813752
B0005,14,3.5557,-1.8825,32.1571,0.0,0.0,3470.0,1.81344
B0005,15,3.5627,-1.8818,32.0441,0.0,0.0,3450.3,1.802598
B0005,16,3.5615,-1.8922,31.9316,0.0,0.0,3429.41,1.802107
B0005,17,3.5603,-1.9028,31.9417,0.0,0.0,3409.48,1.80258
B0005,18,3.5591,-1.9133,31.965,0.0,0.0,3390.42,1.803068
B0005,19,3.5579,-1.9132,31.9662,0.0,0.0,3390.28,1.802778
B0005,20,3.552,-1.8553,32.3714,0.0,0.0,3591.73,1.847026
B0005,21,3.5526,-1.8747,32.7002,0.0,0.0,3552.3,1.847417
B0005,22,3.5568,-1.8738,32.3227,0.0,0.0,3531.58,1.836177
B0005,23,3.5614,-1.8832,31.988,0.0,0.0,3492.91,1.825781
B0005,24,3.5566,-1.8732,31.8945,0.0,0.0,3511.59,1.825114
B0005,25,3.5587,-1.914,31.7804,0.0,0.0,3431.94,1.825582
B0005,26,3.5641,-1.9031,31.6887,0.0,0.0,3431.12,1.814031
B0005,27,3.5596,-1.9135,31.5967,0.0,0.0,3412.41,1.814769
B0005,28,3.5568,-1.9136,31.5656,0.0,0.0,3410.69,1.813969
B0005,29,3.5624,-1.9026,31.5912,0.0,0.0,3410.72,1.802766
B0005,30,3.5591,-1.9131,31.6035,0.0,0.0,3392.72,1.804077
B0005,31,3.5573,-1.9206,31.9156,0.0,0.0,3470.67,1.851803
B0005,32,3.5619,-1.9299,32.0811,0.0,0.0,3414.11,1.830704
B0005,33,3.5618,-1.9293,31.8498,0.0,0.0,3395.22,1.819904
B0005,34,3.5597,-1.9233,31.4657,0.0,0.0,3386.0,1.809308
B0005,35,3.5576,-1.9284,31.4093,0.0,0.0,3368.19,1.80461
B0005,36,3.5597,-1.9231,31.9022,0.0,0.0,3368.27,1.799377
B0005,37,3.5591,-1.917,31.649,0.0,0.0,3358.72,1.788443
B0005,38,3.557,-1.922,31.4887,0.0,0.0,3339.5,1.782923
B0005,39,3.5562,-1.9162,31.33,0.0,0.0,3331.26,1.773034
B0005,40,3.5533,-1.9221,31.5696,0.0,0.0,3321.19,1.773038
B0005,41,3.5563,-1.9162,32.1114,0.0,0.0,3321.84,1.767872
B0005,42,3.5563,-1.9159,32.2717,0.0,0.0,3311.83,1.762315
B0005,43,3.559,-1.9114,31.8423,0.0,0.0,3327.39,1.767617
B0005,44,3.5534,-1.9158,31.7598,0.0,0.0,3312.08,1.762668
B0005,45,3.551,-1.9151,31.4191,0.0,0.0,3293.17,1.75173
B0005,46,3.5513,-1.9148,31.3316,0.0,0.0,3275.33,1.74185
B0005,47,3.549,-1.9144,31.3593,0.0,0.0,3265.02,1.736091
B0005,48,3.5598,-1.9389,34.3109,0.0,0.0,3328.94,1.793624
B0005,49,3.5623,-1.9275,33.4359,0.0,0.0,3329.27,1.783189
B0005,50,3.5583,-1.9267,32.667,0.0,0.0,3301.58,1.767364
B0005,51,3.554,-1.9261,32.2842,0.0,0.0,3283.56,1.757018
B0005,52,3.5524,-1.9202,32.0074,0.0,0.0,3275.12,1.746871
B0005,53,3.5496,-1.9201,32.0639,0.0,0.0,3265.66,1.741717
B0005,54,3.5494,-1.9144,32.4375,0.0,0.0,3266.09,1.736423
B0005,55,3.5472,-1.9083,32.1681,0.0,0.0,3257.59,1.726322
B0005,56,3.5467,-1.9022,32.0575,0.0,0.0,3248.59,1.715807
B0005,57,3.5446,-1.902,31.9759,0.0,0.0,3238.77,1.710533
B0005,58,3.5436,-1.8965,32.2169,0.0,0.0,3240.14,1.706014
B0005,59,3.5445,-1.896,32.5563,0.0,0.0,3230.11,1.700311
B0005,60,3.5409,-1.89,32.4005,0.0,0.0,3229.78,1.69458
B0005,61,3.5412,-1.8894,32.2937,0.0,0.0,3212.47,1.684903
B0005,62,3.5407,-1.8777,32.1361,0.0,0.0,3213.22,1.674474
B0005,63,3.5376,-1.8831,32.3827,0.0,0.0,3203.58,1.674569
B0005,64,3.5384,-1.8764,32.309,0.0,0.0,3195.12,1.663716
B0005,65,3.5393,-1.871,32.5664,0.0,0.0,3195.31,1.659014
B0005,66,3.5337,-1.8706,32.4654,0.0,0.0,3186.3,1.653854
B0005,67,3.5344,-1.864,32.3471,0.0,0.0,3176.44,1.642654
B0005,68,3.5313,-1.8637,32.3715,0.0,0.0,3167.59,1.637858
B0005,69,3.5309,-1.8578,32.4555,0.0,0.0,3167.72,1.632735
B0005,70,3.5287,-1.8572,32.5002,0.0,0.0,3159.08,1.627753
B0005,71,3.5263,-1.8568,32.501,0.0,0.0,3148.83,1.622125
B0005,72,3.5287,-1.8449,32.4729,0.0,0.0,3149.09,1.611326
B0005,73,3.5256,-1.8444,32.5048,0.0,0.0,3140.55,1.606563
B0005,74,3.5227,-1.8439,32.5122,0.0,0.0,3131.62,1.601514
B0005,75,3.5247,-1.8371,32.4569,0.0,0.0,3121.91,1.590369
B0005,76,3.5213,-1.8316,32.4471,0.0,0.0,3122.12,1.585789
B0005,77,3.518,-1.8311,32.3289,0.0,0.0,3121.67,1.584943
B0005,78,3.5237,-1.8433,32.8449,0.0,0.0,3120.86,1.595526
B0005,79,3.5191,-1.8298,32.3173,0.0,0.0,3103.83,1.57473
B0005,80,3.5162,-1.8237,32.0638,0.0,0.0,3095.09,1.564902
B0005,81,3.5148,-1.8177,32.22,0.0,0.0,3095.78,1.559766
B0005,82,3.5133,-1.8179,32.712,0.0,0.0,3094.33,1.559482
B0005,83,3.5145,-1.8172,32.945,0.0,0.0,3086.53,1.554689
B0005,84,3.511,-1.811,32.8575,0.0,0.0,3085.62,1.548874
B0005,85,3.5109,-1.8094,32.6297,0.0,0.0,3067.2,1.538237
B0005,86,3.5094,-1.8027,32.3799,0.0,0.0,3058.16,1.527914
B0005,87,3.5067,-1.8032,32.6822,0.0,0.0,3058.81,1.528525
B0005,88,3.511,-1.7966,32.9939,0.0,0.0,3058.58,1.522647
B0005,89,3.5103,-1.796,33.0454,0.0,0.0,3049.33,1.517486
B0005,90,3.5222,-1.8229,32.8563,0.0,0.0,3177.22,1.605819
B0005,91,3.5163,-1.8294,33.3395,0.0,0.0,3082.94,1.563849
B0005,92,3.5134,-1.8163,33.3516,0.0,0.0,3074.27,1.548092
B0005,93,3.5151,-1.8034,33.1475,0.0,0.0,3066.0,1.532376
B0005,94,3.5083,-1.8027,33.0073,0.0,0.0,3056.44,1.526953
B0005,95,3.5092,-1.7959,32.9199,0.0,0.0,3048.22,1.516957
B0005,96,3.5068,-1.7953,32.999,0.0,0.0,3039.22,1.511898
B0005,97,3.5061,-1.7894,33.0377,0.0,0.0,3039.05,1.506564
B0005,98,3.5037,-1.7884,33.0774,0.0,0.0,3030.38,1.501545
B0005,99,3.5067,-1.7815,33.0547,0.0,0.0,3021.0,1.490844
B0005,100,3.5059,-1.7753,33.1157,0.0,0.0,3021.75,1.485868
B0005,101,3.5042,-1.7742,33.1294,0.0,0.0,3012.26,1.480414
B0005,102,3.5031,-1.7739,33.1307,0.0,0.0,3002.64,1.47521
B0005,103,3.4982,-1.781,33.2007,0.0,0.0,3012.0,1.485904
B0005,104,3.5066,-1.7879,33.787,0.0,0.0,3020.11,1.496092
B0005,105,3.5015,-1.7802,33.6734,0.0,0.0,3002.17,1.480801
B0005,106,3.5017,-1.7731,33.5358,0.0,0.0,2992.7,1.469754
B0005,107,3.4966,-1.7706,33.3227,0.0,0.0,2964.47,1.453901
B0005,108,3.4992,-1.7601,33.3462,0.0,0.0,2983.38,1.454146
B0005,109,3.4961,-1.7656,33.6495,0.0,0.0,2975.3,1.455024
B0005,110,3.4959,-1.7588,33.7927,0.0,0.0,2974.99,1.449042
B0005,111,3.4976,-1.7516,33.5245,0.0,0.0,2966.25,1.438671
B0005,112,3.4957,-1.7513,33.3904,0.0,0.0,2956.36,1.433445
B0005,113,3.4929,-1.7512,33.6737,0.0,0.0,2956.34,1.433396
B0005,114,3.4955,-1.7446,33.9108,0.0,0.0,2956.41,1.428065
B0005,115,3.4942,-1.7436,33.7851,0.0,0.0,2947.27,1.42292
B0005,116,3.4912,-1.7425,33.6113,0.0,0.0,2937.98,1.417429
B0005,117,3.4889,-1.742,33.456,0.0,0.0,2929.12,1.412409
B0005,118,3.4874,-1.7422,33.7233,0.0,0.0,2928.45,1.412579
B0005,119,3.492,-1.7358,34.0501,0.0,0.0,2929.38,1.407598
B0005,120,3.4916,-1.7568,33.8893,0.0,0.0,2946.03,1.433392
B0005,121,3.4956,-1.7573,34.0676,0.0,0.0,2955.44,1.438255
B0005,122,3.4939,-1.7428,33.7517,0.0,0.0,2937.62,1.417355
B0005,123,3.4916,-1.7353,33.4648,0.0,0.0,2929.08,1.406982
B0005,124,3.4886,-1.7344,33.4021,0.0,0.0,2918.38,1.401204
B0005,125,3.4869,-1.728,33.4107,0.0,0.0,2919.81,1.396701
B0005,126,3.4855,-1.7327,33.3898,0.0,0.0,2900.42,1.391285
B0005,127,3.4839,-1.7261,33.37,0.0,0.0,2901.38,1.386229
B0005,128,3.4832,-1.7195,33.2722,0.0,0.0,2901.19,1.380437
B0005,129,3.4836,-1.7186,33.2224,0.0,0.0,2891.64,1.375236
B0005,130,3.4802,-1.7177,33.2621,0.0,0.0,2882.91,1.370513
B0005,131,3.4785,-1.7177,33.312,0.0,0.0,2883.26,1.370509
B0005,132,3.4786,-1.711,33.2529,0.0,0.0,2882.97,1.364736
B0005,133,3.4825,-1.7184,33.7451,0.0,0.0,2891.66,1.375392
B0005,134,3.4887,-1.726,33.8884,0.0,0.0,2901.25,1.386112
B0005,135,3.4859,-1.712,33.7354,0.0,0.0,2891.7,1.36985
B0005,136,3.4788,-1.711,33.5913,0.0,0.0,2883.02,1.364783
B0005,137,3.4813,-1.7034,33.3237,0.0,0.0,2873.45,1.354322
B0005,138,3.4804,-1.7036,33.692,0.0,0.0,2874.03,1.354642
B0005,139,3.4781,-1.7035,33.8876,0.0,0.0,2874.23,1.354704
B0005,140,3.4766,-1.7023,33.6731,0.0,0.0,2864.98,1.349315
B0005,141,3.4734,-1.7014,33.412,0.0,0.0,2855.09,1.344189
B0005,142,3.4726,-1.695,33.2993,0.0,0.0,2855.62,1.338991
B0005,143,3.4734,-1.6951,33.5998,0.0,0.0,2855.59,1.338915
B0005,144,3.4755,-1.6938,33.6196,0.0,0.0,2847.44,1.334007
B0005,145,3.4723,-1.6869,33.3945,0.0,0.0,2847.36,1.328644
B0005,146,3.4714,-1.6861,33.1673,0.0,0.0,2837.33,1.323171
B0005,147,3.4726,-1.6796,33.1096,0.0,0.0,2837.28,1.318169
B0005,148,3.4738,-1.6798,33.465,0.0,0.0,2838.51,1.318466
B0005,149,3.4701,-1.6852,33.4426,0.0,0.0,2828.33,1.318293
B0005,150,3.4675,-1.6864,33.0379,0.0,0.0,2838.26,1.323872
B0005,151,3.4768,-1.7158,33.4949,0.0,0.0,2864.55,1.360122
B0005,152,3.4759,-1.7007,33.4914,0.0,0.0,2846.39,1.339531
B0005,153,3.4758,-1.6928,33.3298,0.0,0.0,2837.97,1.329029
B0005,154,3.4747,-1.6861,33.273,0.0,0.0,2838.16,1.323674
B0005,155,3.4723,-1.685,33.2299,0.0,0.0,2829.84,1.318634
B0005,156,3.4729,-1.6785,33.2086,0.0,0.0,2829.62,1.313475
B0005,157,3.4696,-1.6839,33.2361,0.0,0.0,2819.44,1.313202
B0005,158,3.47,-1.6774,33.1866,0.0,0.0,2819.58,1.307796
B0005,159,3.4708,-1.6764,33.1741,0.0,0.0,2810.67,1.303033
B0005,160,3.4681,-1.6763,33.254,0.0,0.0,2811.49,1.303357
B0005,161,3.4649,-1.6818,33.3198,0.0,0.0,2802.42,1.30341
B0005,162,3.4679,-1.6751,33.3377,0.0,0.0,2801.62,1.297887
B0005,163,3.464,-1.6754,33.2908,0.0,0.0,2802.03,1.298074
B0005,164,3.4665,-1.6745,33.2757,0.0,0.0,2793.39,1.293464
B0005,165,3.4685,-1.6674,33.3207,0.0,0.0,2793.39,1.288003
B0005,166,3.4668,-1.6675,33.3731,0.0,0.0,2792.49,1.287453
B0005,167,3.4711,-1.6889,33.7135,0.0,0.0,2802.02,1.309015
B0005,168,3.4755,-1.6979,33.8653,0.0,0.0,2820.39,1.325079
B0006,1,3.5569,-1.9905,32.1428,0.0,0.0,3690.23,2.035338
B0006,2,3.5615,-1.9903,32.2931,0.0,0.0,3672.34,2.02514
B0006,3,3.5668,-1.9899,32.2441,0.0,0.0,3651.64,2.013326
B0006,4,3.5688,-1.9896,32.1471,0.0,0.0,3631.56,2.013285
B0006,5,3.564,-1.9895,32.0669,0.0,0.0,3629.17,2.000528
B0006,6,3.5736,-1.9901,32.0345,0.0,0.0,3652.28,2.013899
B0006,7,3.5711,-1.9901,32.1116,0.0,0.0,3650.83,2.013101
B0006,8,3.5682,-1.9891,32.1126,0.0,0.0,3572.45,1.96879
B0006,9,3.5693,-1.9892,32.0357,0.0,0.0,3550.59,1.968166
B0006,10,3.5634,-1.9892,31.9953,0.0,0.0,3551.25,1.957231
B0006,11,3.5667,-1.9891,31.8741,0.0,0.0,3530.25,1.945599
B0006,12,3.5687,-1.9888,32.121,0.0,0.0,3491.02,1.934751
B0006,13,3.5692,-1.9887,32.1102,0.0,0.0,3470.28,1.92328
B0006,14,3.5659,-1.9887,31.9891,0.0,0.0,3470.0,1.91189
B0006,15,3.5612,-1.9888,31.8788,0.0,0.0,3450.3,1.901067
B0006,16,3.5579,-1.9886,31.7675,0.0,0.0,3429.41,1.889199
B0006,17,3.5628,-1.9885,31.7899,0.0,0.0,3409.48,1.878278
B0006,18,3.5592,-1.9883,31.8288,0.0,0.0,3390.42,1.86757
B0006,19,3.5581,-1.9775,31.8904,0.0,0.0,3390.28,1.867589
B0006,20,3.5659,-1.9892,31.5118,0.0,0.0,3591.73,1.979627
B0006,21,3.5708,-1.989,31.8745,0.0,0.0,3552.3,1.95755
B0006,22,3.5667,-1.9887,31.5391,0.0,0.0,3531.58,1.945815
B0006,23,3.5668,-1.9885,31.2209,0.0,0.0,3492.91,1.924246
B0006,24,3.5711,-1.9886,31.119,0.0,0.0,3511.59,1.945981
B0006,25,3.5666,-1.9881,31.0332,0.0,0.0,3431.94,1.901408
B0006,26,3.5527,-1.9773,31.0012,0.0,0.0,3431.12,1.878674
B0006,27,3.5561,-1.9772,30.9214,0.0,0.0,3412.41,1.868306
B0006,28,3.5505,-1.966,30.9294,0.0,0.0,3410.69,1.856024
B0006,29,3.546,-1.9446,31.0081,0.0,0.0,3410.72,1.8452
B0006,30,3.5543,-1.9769,30.9678,0.0,0.0,3392.72,1.857229
B0006,31,3.5559,-1.9998,31.101,0.0,0.0,3470.67,1.924776
B0006,32,3.5537,-1.9884,31.3074,0.0,0.0,3414.11,1.882232
B0006,33,3.5453,-1.9771,31.1313,0.0,0.0,3395.22,1.855277
B0006,34,3.5384,-1.9657,30.8287,0.0,0.0,3386.0,1.839251
B0006,35,3.5298,-1.9542,30.7615,0.0,0.0,3368.19,1.81854
B0006,36,3.5301,-1.9491,31.3031,0.0,0.0,3368.27,1.813477
B0006,37,3.5249,-1.9374,31.0643,0.0,0.0,3358.72,1.797102
B0006,38,3.5191,-1.9313,30.9665,0.0,0.0,3339.5,1.781005
B0006,39,3.5152,-1.9254,30.8265,0.0,0.0,3331.26,1.771013
B0006,40,3.514,-1.9198,31.0808,0.0,0.0,3321.19,1.760471
B0006,41,3.5141,-1.9087,31.6943,0.0,0.0,3321.84,1.750291
B0006,42,3.5096,-1.9028,31.8756,0.0,0.0,3311.83,1.739493
B0006,43,3.5111,-1.9093,31.5433,0.0,0.0,3327.39,1.754677
B0006,44,3.5159,-1.9306,31.421,0.0,0.0,3312.08,1.765939
B0006,45,3.5059,-1.9071,31.1584,0.0,0.0,3293.17,1.733789
B0006,46,3.501,-1.8954,31.1566,0.0,0.0,3275.33,1.713326
B0006,47,3.4974,-1.8893,31.2066,0.0,0.0,3265.02,1.702408
B0006,48,3.5389,-1.9819,33.6117,0.0,0.0,3328.94,1.823719
B0006,49,3.5327,-1.9653,32.8563,0.0,0.0,3329.27,1.808128
B0006,50,3.5212,-1.9471,32.211,0.0,0.0,3301.58,1.775761
B0006,51,3.5093,-1.9242,31.9651,0.0,0.0,3283.56,1.744741
B0006,52,3.5072,-1.9124,31.7448,0.0,0.0,3275.12,1.729207
B0006,53,3.5009,-1.895,31.8766,0.0,0.0,3265.66,1.708109
B0006,54,3.4973,-1.8837,32.2429,0.0,0.0,3266.09,1.697595
B0006,55,3.4929,-1.8717,32.0731,0.0,0.0,3257.59,1.682063
B0006,56,3.4887,-1.8655,32.0301,0.0,0.0,3248.59,1.671477
B0006,57,3.4823,-1.8593,31.9849,0.0,0.0,3238.77,1.660759
B0006,58,3.4776,-1.8482,32.2368,0.0,0.0,3240.14,1.651121
B0006,59,3.4787,-1.8416,32.561,0.0,0.0,3230.11,1.640135
B0006,60,3.474,-1.8298,32.4898,0.0,0.0,3229.78,1.6292
B0006,61,3.4718,-1.8171,32.4261,0.0,0.0,3212.47,1.60885
B0006,62,3.4632,-1.8112,32.2998,0.0,0.0,3213.22,1.603524
B0006,63,3.4635,-1.8113,32.6108,0.0,0.0,3203.58,1.598971
B0006,64,3.4602,-1.8038,32.257,0.0,0.0,3195.12,1.587627
B0006,65,3.4626,-1.7982,32.4719,0.0,0.0,3195.31,1.582972
B0006,66,3.4537,-1.7858,32.4022,0.0,0.0,3186.3,1.567138
B0006,67,3.4514,-1.7851,32.3099,0.0,0.0,3176.44,1.561345
B0006,68,3.4508,-1.7786,32.3544,0.0,0.0,3167.59,1.551171
B0006,69,3.4461,-1.7728,32.4731,0.0,0.0,3167.72,1.540674
B0006,70,3.4418,-1.7602,32.5233,0.0,0.0,3159.08,1.525314
B0006,71,3.445,-1.7653,32.5183,0.0,0.0,3148.83,1.530157
B0006,72,3.4412,-1.7593,32.5437,0.0,0.0,3149.09,1.524657
B0006,73,3.4436,-1.7526,32.5622,0.0,0.0,3140.55,1.514549
B0006,74,3.4399,-1.7517,32.5898,0.0,0.0,3131.62,1.509392
B0006,75,3.436,-1.751,32.5709,0.0,0.0,3121.91,1.503997
B0006,76,3.4363,-1.7389,32.5379,0.0,0.0,3122.12,1.49352
B0006,77,3.4305,-1.7386,32.6565,0.0,0.0,3121.67,1.487632
B0006,78,3.4417,-1.7871,33.1808,0.0,0.0,3120.86,1.530288
B0006,79,3.4355,-1.7613,32.7122,0.0,0.0,3103.83,1.504076
B0006,80,3.4272,-1.7546,32.5439,0.0,0.0,3095.09,1.488759
B0006,81,3.4308,-1.7364,32.6655,0.0,0.0,3095.78,1.478278
B0006,82,3.4309,-1.7372,33.1609,0.0,0.0,3094.33,1.47846
B0006,83,3.432,-1.7358,33.4144,0.0,0.0,3086.53,1.473215
B0006,84,3.4269,-1.7297,33.3542,0.0,0.0,3085.62,1.467516
B0006,85,3.422,-1.7279,33.1363,0.0,0.0,3067.2,1.451629
B0006,86,3.4203,-1.7269,32.9224,0.0,0.0,3058.16,1.451924
B0006,87,3.4248,-1.7212,33.2034,0.0,0.0,3058.81,1.447148
B0006,88,3.4235,-1.7211,33.534,0.0,0.0,3058.58,1.446854
B0006,89,3.4247,-1.7201,33.5768,0.0,0.0,3049.33,1.441674
B0006,90,3.4507,-1.821,33.2241,0.0,0.0,3177.22,1.593587
B0006,91,3.448,-1.8214,33.3708,0.0,0.0,3082.94,1.54639
B0006,92,3.4399,-1.7899,33.4337,0.0,0.0,3074.27,1.514706
B0006,93,3.4341,-1.7769,33.2868,0.0,0.0,3066.0,1.498979
B0006,94,3.4326,-1.764,33.1435,0.0,0.0,3056.44,1.483111
B0006,95,3.4271,-1.7572,33.1102,0.0,0.0,3048.22,1.472966
B0006,96,3.4273,-1.7503,33.1899,0.0,0.0,3039.22,1.46276
B0006,97,3.4235,-1.744,33.2627,0.0,0.0,3039.05,1.451836
B0006,98,3.4221,-1.7369,33.3,0.0,0.0,3030.38,1.446867
B0006,99,3.4219,-1.736,33.3166,0.0,0.0,3021.0,1.44138
B0006,100,3.4196,-1.7297,33.3915,0.0,0.0,3021.75,1.431211
B0006,101,3.4175,-1.7288,33.4152,0.0,0.0,3012.26,1.426025
B0006,102,3.4198,-1.7217,33.3969,0.0,0.0,3002.64,1.420488
B0006,103,3.4171,-1.7228,33.7373,0.0,0.0,3012.0,1.420701
B0006,104,3.4305,-1.7487,34.0897,0.0,0.0,3020.11,1.452256
B0006,105,3.4251,-1.7345,33.9987,0.0,0.0,3002.17,1.431558
B0006,106,3.4171,-1.7272,33.9074,0.0,0.0,2992.7,1.415016
B0006,107,3.4175,-1.7305,33.7052,0.0,0.0,2964.47,1.409731
B0006,108,3.4182,-1.7141,33.7459,0.0,0.0,2983.38,1.404917
B0006,109,3.4203,-1.7068,34.0166,0.0,0.0,2975.3,1.395164
B0006,110,3.4193,-1.7064,34.175,0.0,0.0,2974.99,1.394534
B0006,111,3.4144,-1.7053,33.9761,0.0,0.0,2966.25,1.389317
B0006,112,3.4127,-1.7046,33.8415,0.0,0.0,2956.36,1.383838
B0006,113,3.4104,-1.6986,34.1008,0.0,0.0,2956.34,1.373681
B0006,114,3.4144,-1.6982,34.3466,0.0,0.0,2956.41,1.378606
B0006,115,3.4132,-1.6971,34.2162,0.0,0.0,2947.27,1.37376
B0006,116,3.4107,-1.6959,34.0416,0.0,0.0,2937.98,1.368258
B0006,117,3.4089,-1.6953,33.8902,0.0,0.0,2929.12,1.363302
B0006,118,3.4134,-1.689,34.1168,0.0,0.0,2928.45,1.358097
B0006,119,3.4112,-1.6892,34.4905,0.0,0.0,2929.38,1.353269
B0006,120,3.4155,-1.7102,34.2374,0.0,0.0,2946.03,1.384161
B0006,121,3.423,-1.7302,34.4143,0.0,0.0,2955.44,1.405147
B0006,122,3.4148,-1.7152,34.1645,0.0,0.0,2937.62,1.378719
B0006,123,3.4144,-1.7013,33.8771,0.0,0.0,2929.08,1.368266
B0006,124,3.4092,-1.7004,33.8396,0.0,0.0,2918.38,1.357315
B0006,125,3.4119,-1.6874,33.8183,0.0,0.0,2919.81,1.352493
B0006,126,3.4094,-1.6919,33.8126,0.0,0.0,2900.42,1.34741
B0006,127,3.4082,-1.6853,33.7989,0.0,0.0,2901.38,1.337008
B0006,128,3.4074,-1.6787,33.7027,0.0,0.0,2901.19,1.331235
B0006,129,3.4086,-1.6712,33.6356,0.0,0.0,2891.64,1.32593
B0006,130,3.4048,-1.6769,33.6907,0.0,0.0,2882.91,1.321579
B0006,131,3.4081,-1.6701,33.7132,0.0,0.0,2883.26,1.321225
B0006,132,3.4092,-1.6635,33.6538,0.0,0.0,2882.97,1.315649
B0006,133,3.4111,-1.6646,33.9836,0.0,0.0,2891.66,1.320903
B0006,134,3.4167,-1.6918,33.8163,0.0,0.0,2901.25,1.347433
B0006,135,3.417,-1.6712,33.6069,0.0,0.0,2891.7,1.326013
B0006,136,3.4106,-1.6633,33.4735,0.0,0.0,2883.02,1.310119
B0006,137,3.4113,-1.6559,33.2092,0.0,0.0,2873.45,1.305216
B0006,138,3.4081,-1.6561,33.5809,0.0,0.0,2874.03,1.300406
B0006,139,3.4126,-1.6493,33.764,0.0,0.0,2874.23,1.300236
B0006,140,3.4077,-1.6481,33.57,0.0,0.0,2864.98,1.289507
B0006,141,3.4073,-1.6403,33.2721,0.0,0.0,2855.09,1.279253
B0006,142,3.4093,-1.6339,33.1274,0.0,0.0,2855.62,1.279208
B0006,143,3.4095,-1.634,33.4391,0.0,0.0,2855.59,1.274037
B0006,144,3.4103,-1.6325,33.4829,0.0,0.0,2847.44,1.274127
B0006,145,3.4093,-1.6193,33.2214,0.0,0.0,2847.36,1.263764
B0006,146,3.4094,-1.6178,32.9856,0.0,0.0,2837.33,1.258137
B0006,147,3.4039,-1.6181,32.9702,0.0,0.0,2837.28,1.25326
B0006,148,3.4066,-1.6181,33.3102,0.0,0.0,2838.51,1.253231
B0006,149,3.4096,-1.6104,33.2341,0.0,0.0,2828.33,1.248087
B0006,150,3.4094,-1.6116,33.1177,0.0,0.0,2838.26,1.253435
B0006,151,3.4195,-1.642,33.7842,0.0,0.0,2864.55,1.289805
B0006,152,3.4152,-1.6195,33.8064,0.0,0.0,2846.39,1.26354
B0006,153,3.4155,-1.6049,33.6374,0.0,0.0,2837.97,1.247976
B0006,154,3.413,-1.5916,33.582,0.0,0.0,2838.16,1.23212
B0006,155,3.4095,-1.5901,33.5625,0.0,0.0,2829.84,1.227114
B0006,156,3.4138,-1.5768,33.5111,0.0,0.0,2829.62,1.22174
B0006,157,3.4109,-1.5753,33.5368,0.0,0.0,2819.44,1.211103
B0006,158,3.4106,-1.5685,33.498,0.0,0.0,2819.58,1.205616
B0006,159,3.4097,-1.5671,33.517,0.0,0.0,2810.67,1.200894
B0006,160,3.4129,-1.5538,33.5319,0.0,0.0,2811.49,1.19059
B0006,161,3.4135,-1.5522,33.5676,0.0,0.0,2802.42,1.185179
B0006,162,3.4144,-1.5453,33.6049,0.0,0.0,2801.62,1.179671
B0006,163,3.4124,-1.5387,33.5428,0.0,0.0,2802.03,1.174595
B0006,164,3.4148,-1.517,33.4725,0.0,0.0,2793.39,1.153818
B0006,165,3.4166,-1.5239,33.5821,0.0,0.0,2793.39,1.164401
B0006,166,3.4121,-1.5238,33.6635,0.0,0.0,2792.49,1.158797
B0006,167,3.4197,-1.5391,33.7305,0.0,0.0,2802.02,1.174975
B0006,168,3.4235,-1.5427,33.8913,0.0,0.0,2820.39,1.185675
B0007,1,3.522,-1.8691,32.6249,0.0,0.0,3690.23,1.891052
B0007,2,3.5319,-1.868,32.7382,0.0,0.0,3672.34,1.880637
B0007,3,3.5344,-1.8778,32.6851,0.0,0.0,3651.64,1.880663
B0007,4,3.5349,-1.8875,32.5547,0.0,0.0,3631.56,1.880771
B0007,5,3.5345,-1.8872,32.4679,0.0,0.0,3629.17,1.879451
B0007,6,3.5412,-1.8675,32.4862,0.0,0.0,3652.28,1.8807
B0007,7,3.5412,-1.8673,32.5578,0.0,0.0,3650.83,1.879935
B0007,8,3.5495,-1.9063,32.4537,0.0,0.0,3572.45,1.881509
B0007,9,3.5503,-1.9164,32.3732,0.0,0.0,3550.59,1.869691
B0007,10,3.5481,-1.9165,32.3053,0.0,0.0,3551.25,1.870052
B0007,11,3.5484,-1.9268,32.1833,0.0,0.0,3530.25,1.870044
B0007,12,3.556,-1.937,32.3789,0.0,0.0,3491.02,1.859652
B0007,13,3.5605,-1.9471,32.2913,0.0,0.0,3470.28,1.859075
B0007,14,3.5563,-1.947,32.1478,0.0,0.0,3470.0,1.859008
B0007,15,3.5648,-1.9469,32.0138,0.0,0.0,3450.3,1.859362
B0007,16,3.5654,-1.9574,31.8813,0.0,0.0,3429.41,1.858736
B0007,17,3.566,-1.968,31.8543,0.0,0.0,3409.48,1.847817
B0007,18,3.5725,-1.968,31.8566,0.0,0.0,3390.42,1.848525
B0007,19,3.5699,-1.968,31.8672,0.0,0.0,3390.28,1.848379
B0007,20,3.5464,-1.9067,32.3522,0.0,0.0,3591.73,1.880781
B0007,21,3.5532,-1.9267,32.6022,0.0,0.0,3552.3,1.881472
B0007,22,3.5599,-1.9261,32.1957,0.0,0.0,3531.58,1.881095
B0007,23,3.5596,-1.9468,31.806,0.0,0.0,3492.91,1.871009
B0007,24,3.5524,-1.9364,31.737,0.0,0.0,3511.59,1.8702
B0007,25,3.5708,-1.9676,31.5171,0.0,0.0,3431.94,1.870672
B0007,26,3.5657,-1.968,31.4429,0.0,0.0,3431.12,1.859612
B0007,27,3.5713,-1.9676,31.3233,0.0,0.0,3412.41,1.860034
B0007,28,3.568,-1.9676,31.2857,0.0,0.0,3410.69,1.859165
B0007,29,3.5646,-1.9678,31.3319,0.0,0.0,3410.72,1.84814
B0007,30,3.569,-1.9675,31.3229,0.0,0.0,3392.72,1.849202
B0007,31,3.5646,-1.9683,31.6084,0.0,0.0,3470.67,1.883468
B0007,32,3.5694,-1.9788,31.7821,0.0,0.0,3414.11,1.862821
B0007,33,3.5687,-1.9786,31.515,0.0,0.0,3395.22,1.852085
B0007,34,3.5642,-1.9784,31.1387,0.0,0.0,3386.0,1.84695
B0007,35,3.5653,-1.9782,31.0687,0.0,0.0,3368.19,1.836828
B0007,36,3.5654,-1.9784,31.6182,0.0,0.0,3368.27,1.837162
B0007,37,3.5622,-1.9781,31.3315,0.0,0.0,3358.72,1.831672
B0007,38,3.5645,-1.9781,31.1326,0.0,0.0,3339.5,1.821147
B0007,39,3.5616,-1.978,30.973,0.0,0.0,3331.26,1.816506
B0007,40,3.5631,-1.9784,31.1991,0.0,0.0,3321.19,1.811382
B0007,41,3.563,-1.9783,31.7223,0.0,0.0,3321.84,1.811606
B0007,42,3.5634,-1.9782,31.9008,0.0,0.0,3311.83,1.806055
B0007,43,3.564,-1.9671,31.5372,0.0,0.0,3327.39,1.813204
B0007,44,3.5605,-1.9781,31.2466,0.0,0.0,3312.08,1.806264
B0007,45,3.5567,-1.978,30.9394,0.0,0.0,3293.17,1.795831
B0007,46,3.5584,-1.9779,30.8849,0.0,0.0,3275.33,1.785885
B0007,47,3.5561,-1.978,30.9207,0.0,0.0,3265.02,1.780327
B0007,48,3.569,-1.9779,33.8806,0.0,0.0,3328.94,1.815076
B0007,49,3.5711,-1.9782,33.0383,0.0,0.0,3329.27,1.815703
B0007,50,3.5667,-1.978,32.2733,0.0,0.0,3301.58,1.800243
B0007,51,3.5633,-1.978,31.9379,0.0,0.0,3283.56,1.790448
B0007,52,3.559,-1.9722,31.6887,0.0,0.0,3275.12,1.780343
B0007,53,3.5567,-1.9723,31.7791,0.0,0.0,3265.66,1.775329
B0007,54,3.555,-1.9668,32.1339,0.0,0.0,3266.09,1.770263
B0007,55,3.5526,-1.9609,31.8894,0.0,0.0,3257.59,1.760081
B0007,56,3.5472,-1.9608,31.8174,0.0,0.0,3248.59,1.749648
B0007,57,3.5468,-1.9607,31.7232,0.0,0.0,3238.77,1.74965
B0007,58,3.5448,-1.9551,31.9572,0.0,0.0,3240.14,1.745029
B0007,59,3.5465,-1.9551,32.2992,0.0,0.0,3230.11,1.739646
B0007,60,3.5408,-1.9492,32.1288,0.0,0.0,3229.78,1.728564
B0007,61,3.543,-1.9485,32.0211,0.0,0.0,3212.47,1.7239
B0007,62,3.5361,-1.9431,31.859,0.0,0.0,3213.22,1.713979
B0007,63,3.5392,-1.943,32.161,0.0,0.0,3203.58,1.71397
B0007,64,3.5348,-1.9425,32.1028,0.0,0.0,3195.12,1.703652
B0007,65,3.5366,-1.937,32.3388,0.0,0.0,3195.31,1.704014
B0007,66,3.5352,-1.931,32.2137,0.0,0.0,3186.3,1.693572
B0007,67,3.533,-1.9305,32.0995,0.0,0.0,3176.44,1.687658
B0007,68,3.5322,-1.9306,32.1131,0.0,0.0,3167.59,1.683074
B0007,69,3.5308,-1.9247,32.2037,0.0,0.0,3167.72,1.677927
B0007,70,3.5297,-1.9246,32.2334,0.0,0.0,3159.08,1.673206
B0007,71,3.5282,-1.9244,32.2122,0.0,0.0,3148.83,1.667437
B0007,72,3.5266,-1.9184,32.2175,0.0,0.0,3149.09,1.662266
B0007,73,3.5245,-1.9182,32.2341,0.0,0.0,3140.55,1.657424
B0007,74,3.5229,-1.9181,32.2283,0.0,0.0,3131.62,1.652539
B0007,75,3.5223,-1.918,32.1833,0.0,0.0,3121.91,1.647217
B0007,76,3.519,-1.9117,32.172,0.0,0.0,3122.12,1.636414
B0007,77,3.5178,-1.9116,32.0332,0.0,0.0,3121.67,1.636255
B0007,78,3.5212,-1.9176,32.5067,0.0,0.0,3120.86,1.641119
B0007,79,3.5172,-1.9111,31.961,0.0,0.0,3103.83,1.63157
B0007,80,3.5125,-1.9109,31.7981,0.0,0.0,3095.09,1.621213
B0007,81,3.513,-1.905,31.958,0.0,0.0,3095.78,1.616427
B0007,82,3.5125,-1.9051,32.4181,0.0,0.0,3094.33,1.615824
B0007,83,3.5151,-1.9049,32.6404,0.0,0.0,3086.53,1.616724
B0007,84,3.5134,-1.8988,32.564,0.0,0.0,3085.62,1.610866
B0007,85,3.5097,-1.9043,32.2831,0.0,0.0,3067.2,1.60066
B0007,86,3.5043,-1.9042,32.0607,0.0,0.0,3058.16,1.595917
B0007,87,3.5092,-1.8983,32.3653,0.0,0.0,3058.81,1.596218
B0007,88,3.5095,-1.8978,32.6885,0.0,0.0,3058.58,1.595807
B0007,89,3.5052,-1.9036,32.7477,0.0,0.0,3049.33,1.590651
B0007,90,3.5281,-1.937,32.505,0.0,0.0,3177.22,1.688821
B0007,91,3.5196,-1.9233,32.9199,0.0,0.0,3082.94,1.625994
B0007,92,3.5146,-1.9169,32.9483,0.0,0.0,3074.27,1.615743
B0007,93,3.5115,-1.9105,32.7691,0.0,0.0,3066.0,1.605663
B0007,94,3.5108,-1.9043,32.5973,0.0,0.0,3056.44,1.594975
B0007,95,3.508,-1.904,32.5235,0.0,0.0,3048.22,1.59041
B0007,96,3.5077,-1.9037,32.5782,0.0,0.0,3039.22,1.585352
B0007,97,3.5067,-1.8977,32.6273,0.0,0.0,3039.05,1.579974
B0007,98,3.5062,-1.8973,32.6521,0.0,0.0,3030.38,1.575219
B0007,99,3.5051,-1.897,32.6477,0.0,0.0,3021.0,1.569798
B0007,100,3.5054,-1.8909,32.6994,0.0,0.0,3021.75,1.570257
B0007,101,3.5001,-1.8969,32.7246,0.0,0.0,3012.26,1.56525
B0007,102,3.5012,-1.8965,32.7043,0.0,0.0,3002.64,1.559634
B0007,103,3.5004,-1.8968,32.7405,0.0,0.0,3012.0,1.564982
B0007,104,3.5078,-1.9031,33.3871,0.0,0.0,3020.11,1.574979
B0007,105,3.5025,-1.9029,33.2706,0.0,0.0,3002.17,1.565281
B0007,106,3.5052,-1.8963,33.1151,0.0,0.0,2992.7,1.559755
B0007,107,3.4984,-1.9084,32.9057,0.0,0.0,2964.47,1.549898
B0007,108,3.5001,-1.8898,32.9531,0.0,0.0,2983.38,1.543877
B0007,109,3.4991,-1.8959,33.2282,0.0,0.0,2975.3,1.545019
B0007,110,3.501,-1.8894,33.3613,0.0,0.0,2974.99,1.544594
B0007,111,3.4972,-1.8889,33.1243,0.0,0.0,2966.25,1.534309
B0007,112,3.4961,-1.8885,32.9916,0.0,0.0,2956.36,1.52876
B0007,113,3.4959,-1.8888,33.2318,0.0,0.0,2956.34,1.528926
B0007,114,3.4931,-1.8888,33.5098,0.0,0.0,2956.41,1.529092
B0007,115,3.4927,-1.8882,33.3824,0.0,0.0,2947.27,1.523906
B0007,116,3.4921,-1.8879,33.1783,0.0,0.0,2937.98,1.518668
B0007,117,3.4902,-1.8877,33.0159,0.0,0.0,2929.12,1.513648
B0007,118,3.4906,-1.8878,33.271,0.0,0.0,2928.45,1.513605
B0007,119,3.4911,-1.8877,33.6197,0.0,0.0,2929.38,1.513947
B0007,120,3.4928,-1.901,33.297,0.0,0.0,2946.03,1.53396
B0007,121,3.5025,-1.8951,33.3931,0.0,0.0,2955.44,1.539137
B0007,122,3.493,-1.8941,33.1382,0.0,0.0,2937.62,1.523625
B0007,123,3.4917,-1.8875,32.8407,0.0,0.0,2929.08,1.513581
B0007,124,3.4904,-1.8871,32.7574,0.0,0.0,2918.38,1.507785
B0007,125,3.4889,-1.8808,32.7723,0.0,0.0,2919.81,1.503196
B0007,126,3.4892,-1.8864,32.7204,0.0,0.0,2900.42,1.497822
B0007,127,3.4879,-1.88,32.71,0.0,0.0,2901.38,1.492849
B0007,128,3.4864,-1.8733,32.6208,0.0,0.0,2901.19,1.492414
B0007,129,3.4813,-1.8797,32.5765,0.0,0.0,2891.64,1.487483
B0007,130,3.4824,-1.8791,32.584,0.0,0.0,2882.91,1.482535
B0007,131,3.4835,-1.8729,32.6237,0.0,0.0,2883.26,1.482787
B0007,132,3.479,-1.8727,32.586,0.0,0.0,2882.97,1.476971
B0007,133,3.4835,-1.8727,32.8645,0.0,0.0,2891.66,1.481902
B0007,134,3.49,-1.88,33.0797,0.0,0.0,2901.25,1.498137
B0007,135,3.4848,-1.873,32.9321,0.0,0.0,2891.7,1.482078
B0007,136,3.4784,-1.8725,32.7557,0.0,0.0,2883.02,1.477116
B0007,137,3.4757,-1.8725,32.5297,0.0,0.0,2873.45,1.472077
B0007,138,3.4814,-1.8659,32.8481,0.0,0.0,2874.03,1.472248
B0007,139,3.4796,-1.8658,33.0723,0.0,0.0,2874.23,1.467011
B0007,140,3.4782,-1.8655,32.851,0.0,0.0,2864.98,1.461767
B0007,141,3.4743,-1.8651,32.5723,0.0,0.0,2855.09,1.456695
B0007,142,3.4737,-1.8585,32.4507,0.0,0.0,2855.62,1.451355
B0007,143,3.4748,-1.8589,32.7394,0.0,0.0,2855.59,1.451616
B0007,144,3.4761,-1.8582,32.7759,0.0,0.0,2847.44,1.446816
B0007,145,3.4687,-1.8581,32.5817,0.0,0.0,2847.36,1.446757
B0007,146,3.4662,-1.8577,32.3502,0.0,0.0,2837.33,1.44138
B0007,147,3.4682,-1.8512,32.2875,0.0,0.0,2837.28,1.436246
B0007,148,3.4679,-1.8515,32.6032,0.0,0.0,2838.51,1.436815
B0007,149,3.4662,-1.8574,32.6121,0.0,0.0,2828.33,1.436295
B0007,150,3.4625,-1.8578,32.2674,0.0,0.0,2838.26,1.441858
B0007,151,3.4805,-1.8658,32.6377,0.0,0.0,2864.55,1.467206
B0007,152,3.4723,-1.8648,32.6653,0.0,0.0,2846.39,1.451864
B0007,153,3.4744,-1.8579,32.5027,0.0,0.0,2837.97,1.447138
B0007,154,3.4723,-1.8512,32.4468,0.0,0.0,2838.16,1.441791
B0007,155,3.4702,-1.8509,32.3936,0.0,0.0,2829.84,1.431631
B0007,156,3.4635,-1.8509,32.4172,0.0,0.0,2829.62,1.431808
B0007,157,3.4675,-1.8504,32.4009,0.0,0.0,2819.44,1.426256
B0007,158,3.4676,-1.8437,32.3631,0.0,0.0,2819.58,1.426088
B0007,159,3.4622,-1.8499,32.3826,0.0,0.0,2810.67,1.421263
B0007,160,3.466,-1.8433,32.4324,0.0,0.0,2811.49,1.416327
B0007,161,3.4602,-1.8495,32.4886,0.0,0.0,2802.42,1.416578
B0007,162,3.4642,-1.8426,32.5241,0.0,0.0,2801.62,1.41084
B0007,163,3.4588,-1.8427,32.4826,0.0,0.0,2802.03,1.410995
B0007,164,3.4621,-1.8422,32.4639,0.0,0.0,2793.39,1.406171
B0007,165,3.4579,-1.8423,32.5568,0.0,0.0,2793.39,1.406336
B0007,166,3.4616,-1.8356,32.5763,0.0,0.0,2792.49,1.400455
B0007,167,3.4629,-1.8561,32.818,0.0,0.0,2802.02,1.421787
B0007,168,3.4754,-1.8574,32.9294,0.0,0.0,2820.39,1.432455
B0018,1,3.5275,-1.9542,31.7733,0.0,0.0,3434.89,1.855005
B0018,2,3.5348,-1.9474,31.9249,0.0,0.0,3425.49,1.843196
B0018,3,3.5382,-1.9521,31.3169,0.0,0.0,3410.38,1.839602
B0018,4,3.5377,-1.9461,30.8212,0.0,0.0,3404.72,1.830674
B0018,5,3.5427,-1.9413,31.9535,0.0,0.0,3417.64,1.8327
B0018,6,3.5451,-1.94,32.0231,0.0,0.0,3411.77,1.828529
B0018,7,3.5475,-1.9336,31.6345,0.0,0.0,3399.52,1.821201
B0018,8,3.5448,-1.9332,31.2882,0.0,0.0,3388.75,1.81517
B0018,9,3.5435,-1.9326,31.1112,0.0,0.0,3380.41,1.804298
B0018,10,3.5431,-1.9388,31.1317,0.0,0.0,3404.14,1.8231
B0018,11,3.5452,-1.9319,31.5131,0.0,0.0,3396.14,1.812125
B0018,12,3.545,-1.925,31.311,0.0,0.0,3384.09,1.804692
B0018,13,3.5441,-1.918,30.894,0.0,0.0,3370.66,1.790844
B0018,14,3.5413,-1.9174,30.5406,0.0,0.0,3357.8,1.783471
B0018,15,3.5412,-1.9181,30.8257,0.0,0.0,3363.01,1.780939
B0018,16,3.5413,-1.9106,31.4514,0.0,0.0,3357.73,1.771209
B0018,17,3.5427,-1.9094,31.5188,0.0,0.0,3344.19,1.76863
B0018,18,3.5413,-1.8961,31.1124,0.0,0.0,3339.97,1.75363
B0018,19,3.535,-1.8948,30.5865,0.0,0.0,3327.64,1.74622
B0018,20,3.5327,-1.9002,30.2429,0.0,0.0,3312.84,1.737665
B0018,21,3.5333,-1.8937,30.1027,0.0,0.0,3302.03,1.731517
B0018,22,3.5274,-1.874,30.2512,0.0,0.0,3305.55,1.708595
B0018,23,3.5296,-1.8792,30.2124,0.0,0.0,3289.56,1.71147
B0018,24,3.529,-1.8781,30.125,0.0,0.0,3283.8,1.707502
B0018,25,3.5323,-1.8994,30.2243,0.0,0.0,3325.24,1.749238
B0018,26,3.5324,-1.8927,30.9764,0.0,0.0,3317.55,1.73277
B0018,27,3.5363,-1.8784,31.4157,0.0,0.0,3311.77,1.722231
B0018,28,3.5335,-1.8708,31.3833,0.0,0.0,3305.22,1.711846
B0018,29,3.527,-1.8697,31.1679,0.0,0.0,3295.45,1.699268
B0018,30,3.5293,-1.8624,30.9947,0.0,0.0,3287.0,1.694037
B0018,31,3.5278,-1.8548,31.0553,0.0,0.0,3276.92,1.681903
B0018,32,3.5257,-1.8539,31.3739,0.0,0.0,3268.69,1.676977
B0018,33,3.5244,-1.8457,31.5613,0.0,0.0,3260.59,1.665523
B0018,34,3.5208,-1.8383,31.3185,0.0,0.0,3258.81,1.657192
B0018,35,3.5195,-1.8436,31.104,0.0,0.0,3243.42,1.648224
B0018,36,3.5132,-1.837,30.9897,0.0,0.0,3236.51,1.63877
B0018,37,3.5172,-1.8212,30.9679,0.0,0.0,3230.73,1.627649
B0018,38,3.512,-1.827,31.2853,0.0,0.0,3222.09,1.622154
B0018,39,3.5091,-1.8191,31.411,0.0,0.0,3220.34,1.614007
B0018,40,3.5161,-1.8694,30.7551,0.0,0.0,3250.75,1.676052
B0018,41,3.519,-1.8398,30.9774,0.0,0.0,3239.34,1.649301
B0018,42,3.5124,-1.838,30.8005,0.0,0.0,3222.25,1.632383
B0018,43,3.5082,-1.8296,30.6162,0.0,0.0,3206.16,1.616416
B0018,44,3.5086,-1.8211,30.3998,0.0,0.0,3197.97,1.610903
B0018,45,3.5052,-1.8199,30.3839,0.0,0.0,3181.62,1.595464
B0018,46,3.5232,-1.8951,30.5762,0.0,0.0,3302.36,1.726707
B0018,47,3.5273,-1.8868,30.7059,0.0,0.0,3285.81,1.716567
B0018,48,3.5268,-1.8787,30.6258,0.0,0.0,3260.02,1.695824
B0018,49,3.523,-1.8705,30.5974,0.0,0.0,3240.03,1.677778
B0018,50,3.5198,-1.8563,30.5285,0.0,0.0,3232.26,1.660659
B0018,51,3.5251,-1.8625,31.2038,0.0,0.0,3232.03,1.666411
B0018,52,3.5185,-1.8607,31.1726,0.0,0.0,3209.51,1.646834
B0018,53,3.5191,-1.8384,30.9683,0.0,0.0,3196.12,1.625764
B0018,54,3.5114,-1.8437,30.8217,0.0,0.0,3172.56,1.612158
B0018,55,3.5108,-1.8363,30.7652,0.0,0.0,3172.74,1.605737
B0018,56,3.5143,-1.8647,30.81,0.0,0.0,3238.11,1.673645
B0018,57,3.5197,-1.8573,31.039,0.0,0.0,3191.06,1.640435
B0018,58,3.5124,-1.8483,31.0418,0.0,0.0,3165.83,1.613265
B0018,59,3.5078,-1.8392,30.9598,0.0,0.0,3140.41,1.592096
B0018,60,3.5077,-1.8303,30.8435,0.0,0.0,3131.92,1.586601
B0018,61,3.5075,-1.8293,30.7972,0.0,0.0,3121.11,1.580077
B0018,62,3.5024,-1.8278,30.9844,0.0,0.0,3105.26,1.564173
B0018,63,3.5037,-1.8188,30.9679,0.0,0.0,3091.25,1.555618
B0018,64,3.499,-1.8172,30.9766,0.0,0.0,3076.7,1.540205
B0018,65,3.4954,-1.8158,30.8977,0.0,0.0,3062.33,1.532161
B0018,66,3.4945,-1.8221,30.8157,0.0,0.0,3050.56,1.531623
B0018,67,3.4963,-1.813,30.7262,0.0,0.0,3034.67,1.52226
B0018,68,3.4877,-1.8045,30.7682,0.0,0.0,3031.25,1.506527
B0018,69,3.4865,-1.81,30.7754,0.0,0.0,3011.34,1.501422
B0018,70,3.4823,-1.809,30.7618,0.0,0.0,3003.0,1.496353
B0018,71,3.4918,-1.8274,30.9137,0.0,0.0,3045.19,1.533426
B0018,72,3.494,-1.818,31.2282,0.0,0.0,3028.47,1.523845
B0018,73,3.4844,-1.8085,31.2617,0.0,0.0,3012.94,1.501192
B0018,74,3.4859,-1.8068,31.1841,0.0,0.0,2998.88,1.492418
B0018,75,3.4843,-1.805,31.0014,0.0,0.0,2983.55,1.483324
B0018,76,3.483,-1.8119,30.9814,0.0,0.0,2966.86,1.480738
B0018,77,3.4838,-1.8022,31.0887,0.0,0.0,2954.8,1.473508
B0018,78,3.4788,-1.8093,31.3364,0.0,0.0,2945.74,1.468019
B0018,79,3.4752,-1.8,31.226,0.0,0.0,2941.38,1.458092
B0018,80,3.4707,-1.7981,31.0373,0.0,0.0,2923.95,1.447866
B0018,81,3.4746,-1.8058,30.8113,0.0,0.0,2921.03,1.452781
B0018,82,3.4741,-1.796,30.9322,0.0,0.0,2902.75,1.442536
B0018,83,3.4751,-1.7951,31.2155,0.0,0.0,2897.88,1.439271
B0018,84,3.4724,-1.794,31.4008,0.0,0.0,2892.09,1.428648
B0018,85,3.4718,-1.7842,31.2592,0.0,0.0,2886.92,1.424903
B0018,86,3.4745,-1.8136,31.1347,0.0,0.0,2942.53,1.469812
B0018,87,3.4717,-1.811,31.2469,0.0,0.0,2912.47,1.452582
B0018,88,3.4714,-1.8008,31.0276,0.0,0.0,2895.59,1.442834
B0018,89,3.4626,-1.7986,30.9319,0.0,0.0,2884.41,1.428376
B0018,90,3.4661,-1.7804,30.6671,0.0,0.0,2873.77,1.415455
B0018,91,3.4731,-1.8167,31.2268,0.0,0.0,2893.38,1.454577
B0018,92,3.4669,-1.7981,31.3877,0.0,0.0,2884.98,1.428318
B0018,93,3.4653,-1.7964,31.5057,0.0,0.0,2870.23,1.419703
B0018,94,3.4639,-1.7954,31.5462,0.0,0.0,2864.11,1.415561
B0018,95,3.4578,-1.7937,31.39,0.0,0.0,2846.64,1.40568
B0018,96,3.4598,-1.8015,31.3854,0.0,0.0,2839.53,1.408446
B0018,97,3.458,-1.7915,31.4237,0.0,0.0,2832.7,1.396855
B0018,98,3.4614,-1.7817,31.4354,0.0,0.0,2827.08,1.393567
B0018,99,3.4611,-1.7797,31.5424,0.0,0.0,2821.53,1.389364
B0018,100,3.4556,-1.7857,31.5267,0.0,0.0,2805.16,1.378565
B0018,101,3.4596,-1.7784,31.4359,0.0,0.0,2814.91,1.384901
B0018,102,3.4507,-1.7778,31.4752,0.0,0.0,2801.16,1.370325
B0018,103,3.4555,-1.7764,31.5817,0.0,0.0,2794.19,1.373346
B0018,104,3.4558,-1.7753,31.648,0.0,0.0,2785.39,1.367949
B0018,105,3.4487,-1.7742,31.662,0.0,0.0,2779.5,1.356714
B0018,106,3.4745,-1.8197,30.4345,0.0,0.0,2899.23,1.460431
B0018,107,3.474,-1.8097,31.018,0.0,0.0,2894.92,1.4501
B0018,108,3.4744,-1.7993,31.3948,0.0,0.0,2888.25,1.438141
B0018,109,3.4718,-1.7959,31.2451,0.0,0.0,2873.91,1.428368
B0018,110,3.4685,-1.7956,31.0531,0.0,0.0,2847.41,1.414787
B0018,111,3.4651,-1.793,30.8859,0.0,0.0,2849.28,1.413889
B0018,112,3.4653,-1.7845,31.054,0.0,0.0,2833.69,1.398933
B0018,113,3.4618,-1.7936,31.4928,0.0,0.0,2826.45,1.395332
B0018,114,3.4633,-1.7921,31.9383,0.0,0.0,2818.31,1.390046
B0018,115,3.4628,-1.781,31.7456,0.0,0.0,2812.72,1.386027
B0018,116,3.4569,-1.799,31.3102,0.0,0.0,2803.5,1.388215
B0018,117,3.4575,-1.7873,31.1274,0.0,0.0,2783.25,1.376183
B0018,118,3.4502,-1.7862,30.9856,0.0,0.0,2776.39,1.364717
B0018,119,3.4487,-1.785,30.8997,0.0,0.0,2766.52,1.358985
B0018,120,3.4446,-1.7783,30.7061,0.0,0.0,2751.52,1.346231
B0018,121,3.4673,-1.8098,30.4712,0.0,0.0,2848.86,1.426843
B0018,122,3.4645,-1.7897,30.9392,0.0,0.0,2840.02,1.406448
B0018,123,3.4597,-1.797,31.1116,0.0,0.0,2817.38,1.393491
B0018,124,3.4622,-1.7862,31.0379,0.0,0.0,2809.23,1.388249
B0018,125,3.4556,-1.7842,30.968,0.0,0.0,2791.19,1.370188
B0018,126,3.4587,-1.7845,30.94,0.0,0.0,2794.02,1.379695
B0018,127,3.4525,-1.7921,31.295,0.0,0.0,2774.72,1.368659
B0018,128,3.4552,-1.7828,31.8185,0.0,0.0,2777.84,1.362737
B0018,129,3.462,-1.7725,32.0007,0.0,0.0,2781.12,1.363405
B0018,130,3.4522,-1.7699,31.7399,0.0,0.0,2760.91,1.351865
B0018,131,3.4477,-1.7885,31.5261,0.0,0.0,2753.25,1.354797
B0018,132,3.4479,-1.7777,31.2762,0.0,0.0,2742.84,1.341051
